{
    "AWSTemplateFormatVersion" : "2010-09-09",
    "Resources" : {
        "myStack" : {
	       "Type" : "AWS::CloudFormation::Stack",
	       "Properties" : {
              "TemplateURL" : "https://s3.amazonaws.com/<YOUR-BUCKET-NAME>/s3static.json",
              "TimeoutInMinutes" : "60"
	       }
        },
        "myStack2" : {
            "Type" : "AWS::CloudFormation::Stack",
            "Properties" : {
               "TemplateURL" : "https://s3.amazonaws.com/<YOUR-BUCKET-NAME>/noretain.json",
               "TimeoutInMinutes" : "60"
            }
         }    
    }
}
