{
  "AWSTemplateFormatVersion" : "2010-09-09",

  "Description" : "AWS CloudFormation Sample Template S3_Website_Bucket_With_Retain_On_Delete: Sample template showing how to create a publicly accessible S3 bucket configured for website access with a deletion policy of retail on delete. **WARNING** This template creates an S3 bucket that will NOT be deleted when the stack is deleted. You will be billed for the AWS resources used if you create a stack from this template.",

  "Resources" : {
    "S3Bucket" : {
      "Type" : "AWS::S3::Bucket",
      "Properties" : {
        "AccessControl" : "PublicRead",
        "WebsiteConfiguration" : {
          "IndexDocument" : "index.html",
          "ErrorDocument" : "error.html"      
         }
      },
      "DeletionPolicy" : "Retain"
    }
  },

  "Outputs" : {
    "WebsiteURL" : {
      "Value" : { "Fn::GetAtt" : [ "S3Bucket", "WebsiteURL" ] },
      "Description" : "URL for website hosted on S3"
    },
    "S3BucketSecureURL" : {
      "Value" : { "Fn::Join" : [ "", [ "https://", { "Fn::GetAtt" : [ "S3Bucket", "DomainName" ] } ] ] },
      "Description" : "Name of S3 bucket to hold website content"
    }
  } 
}