{
    "Statement" : [
      {
        "Effect" : "Deny_or_Allow",
        "Action" : "update_actions",
        "Principal" : "*",
        "Resource" : "LogicalResourceId/resource_logical_ID",
        "Condition" : {
          "StringEquals_or_StringLike" : {
            "ResourceType" : [resource_type, ...]
          }
        }
      }  
    ]
  }


{
    "Statement" : [
      {
        "Effect" : "Allow",
        "Action" : "Update:*",
        "Principal": "*",
        "Resource" : "*"
      },
      {
        "Effect" : "Deny",
        "Action" : "Update:*",
        "Principal": "*",
        "Resource" : "LogicalResourceId/ProductionDatabase"
      }
    ]
  }



  {
    "Statement" : [
      {
        "Effect" : "Deny",
        "Action" : "Update:*",
        "Principal": "*",
        "Resource" : "*"
      }  
    ]
  }



  {
    "Statement" : [
      {
        "Effect" : "Deny",
        "Action" : "Update:*",
        "Principal": "*",
        "Resource" : "LogicalResourceId/MyDatabase"
      },
      {
        "Effect" : "Allow",
        "Action" : "Update:*",
        "Principal": "*",
        "Resource" : "*"
      }
    ]
  }



  