{
    "MyRDSInstance": {
        "Type": "AWS::RDS::DBInstance",
        "Properties": {
            "DBName": "MyRDSInstance",
            "AllocatedStorage": "20",
            "DBInstanceClass": "db.t2.micro",
            "Engine": "mysql",
            "MasterUsername": "{{resolve:secretsmanager:MyRDSSecret:SecretString:username}}",
            "MasterUserPassword": "{{resolve:secretsmanager:MyRDSSecret:SecretString:password}}"
        }
    }
}


MyRDSInstance:
Type: 'AWS::RDS::DBInstance'
Properties:
  DBName: MyRDSInstance
  AllocatedStorage: '20'
  DBInstanceClass: db.t2.micro
  Engine: mysql
  MasterUsername: '{{resolve:secretsmanager:MyRDSSecret:SecretString:username}}'
  MasterUserPassword: '{{resolve:secretsmanager:MyRDSSecret:SecretString:password}}'




